description,date,entry_type,amount,iso_currency_code,country,account_holder_type,account_holder_id,merchant_correct,website_correct,labels_correct,prediction_labels_GPT 3,prediction_labels_GPT 4,prediction_labels_LLAMA finetuned 7B,prediction_labels_LLAMA finetuned 13B,prediction_labels_Ntropy API,prediction_merchant_GPT 3,prediction_website_GPT 3,prediction_merchant_GPT 4,prediction_website_GPT 4,prediction_merchant_Ntropy API,prediction_website_Ntropy API
EARLY PAY: PETCO ANIMAL SUP DIRECT DEP 661021916777KVV 012243,2023-01-01,incoming,1290.44,USD,US,consumer,825573b7-dbe3-4720-804b-91edefe7cf05,Petco,petco.com,Paycheck,Not enough information,Paycheck,Freelance,Paycheck,Paycheck,Petco Animal Supplies,petco.com,Petco,petco.com,Petco,petco.com
DOORDASH*ZEEKS PIZZA,2023-01-02,outgoing,82.8,USD,US,consumer,825573b7-dbe3-4720-804b-91edefe7cf05,DoorDash,doordash.com,Food and Drink,Not enough information,Food and Drink,Food and Drink,Food and Drink,Food and Drink,Zeeks Pizza,doordash.com,Doordash,doordash.com,Doordash,doordash.com
Withdrawal ACH NSF Fee ($323.55 KWIKCASHKC),2023-01-03,outgoing,19.95,USD,US,consumer,825573b7-dbe3-4720-804b-91edefe7cf05,KwikCash,kwikcashonline.com,Non-sufficient funds / Overdraft fee,Non-sufficient funds / Overdraft fee,Non-sufficient funds / Overdraft fee,Non-sufficient funds / Overdraft fee,Non-sufficient funds / Overdraft fee,Non-sufficient funds / Overdraft fee,KwikCashKC,kwikcashkc.com,Kwik Cash,kwikcash.com,None,None
BILL PAY BMW R18 CLASSIC                       RECURRING xxxxxx9876 ON 01-04,2023-01-04,outgoing,798.0,USD,US,consumer,825573b7-dbe3-4720-804b-91edefe7cf05,BMW,bmw.com,Auto lease payment,Auto lease payment,Auto loan repayment,Other transport,Auto lease payment,Other transport,BMW,bmw.com,BMW,bmw.com,BMW,bmw.com
1108914IH2NS48MR HABIT PROVO 0279,2023-01-05,outgoing,16.8,USD,US,consumer,825573b7-dbe3-4720-804b-91edefe7cf05,The Habit Burger Grill,habitburger.com,Food and Drink,Food and Drink,Cafes and coffee shops,Food and Drink,Food and Drink,Food and Drink,Habit Burger Grill,habitburger.com,Habit Burger Grill,habitburger.com,The Habit Burger Grill,habitburger.com
0173 AMC MESQUITE 23 MESQUITE TX 01/06,2023-01-06,outgoing,40.32,USD,US,consumer,825573b7-dbe3-4720-804b-91edefe7cf05,AMC Theatres,amctheatres.com,Entertainment and recreation,Entertainment and recreation,Entertainment and recreation,Entertainment and recreation,Entertainment and recreation,Entertainment and recreation,AMC,amctheatres.com,AMC Theatres,amctheatres.com,Amc Mesquite 23,None
"SUDSHARE* S...876 SUDSHARE, .C #100",2023-01-07,outgoing,20.39,USD,US,consumer,825573b7-dbe3-4720-804b-91edefe7cf05,SudShare,https://poplin.co/ | sudshare.com,Laundry,SaaS tools,Laundry,SaaS tools,SaaS tools,SaaS tools,SudShare,sudshare.com,SudShare,sudshare.com,SUD,None
EB SLANDER PRESEN 04/12 PURCHASE 8091735211,2023-01-08,outgoing,1767.03,USD,US,consumer,825573b7-dbe3-4720-804b-91edefe7cf05,Eventbrite,eventbrite.com,Entertainment and recreation,Not enough information,Education,Entertainment and recreation,Entertainment and recreation,Entertainment and recreation,EBay,ebay.com,Eventbrite,eventbrite.com,Eventbrite,eventbrite.com
Brigit-com PROTECTION WEB 8JDB682JD0,2023-01-09,outgoing,105.0,USD,US,consumer,825573b7-dbe3-4720-804b-91edefe7cf05,Brigit,hellobrigit.com,Loan repayment,Other consumer services,SaaS tools,Other non-essential,Other non-essential,Other non-essential,Brigit,brigit.com,Brigit,brigit.com,Brigit,hellobrigit.com
"Direct Debit: Napa Benefits, 892830232",2023-01-10,outgoing,46.73,USD,US,consumer,825573b7-dbe3-4720-804b-91edefe7cf05,NAPABenefits | NAPA Benefits,napa-benefits.org,Insurance,Retirement contributions,Insurance,Insurance,Insurance,Insurance,Napa Benefits,napabenefits.com,Napa Benefits,napabenefits.org,NAPABenefits,napa-benefits.org
POS PURCH - AFTERPAY 5999 CA 101-928739273 AFTERPAY US,2023-01-11,outgoing,49.36,USD,US,consumer,825573b7-dbe3-4720-804b-91edefe7cf05,Afterpay,afterpay.com,"Buy now, pay later","Buy now, pay later","Buy now, pay later",Loan repayment,Loan repayment,Loan repayment,Afterpay,afterpay.com,Afterpay,afterpay.com,Afterpay,afterpay.com
TEDS MONTANA GRILL 12,2023-01-12,outgoing,72.07,USD,US,consumer,825573b7-dbe3-4720-804b-91edefe7cf05,Ted's Montana Grill,tedsmontanagrill.com,Food and Drink,Not enough information,Food and Drink,Food and Drink,Food and Drink,Food and Drink,Teds Montana Grill,tedsmontanagrill.com,Teds Montana Grill,tedsmontanagrill.com,Ted's Montana Grill,tedsmontanagrill.com
CAPITAL ONE ONLINE PMT 781123 2NYXE2URO2XY,2023-01-13,outgoing,988.71,USD,US,consumer,825573b7-dbe3-4720-804b-91edefe7cf05,Capital One,capitalone.com,Credit card bill,Credit card bill,Credit card bill,Credit card bill,Credit card bill,Credit card bill,Capital One,capitalone.com,Capital One,capitalone.com,Capital One,capitalone.com
23617 POS SIGNATURE FRITZS AUTO SPA LLC FRITZS AUTO SPA LL SAINT JOSEP,2023-01-14,outgoing,9.45,USD,US,consumer,825573b7-dbe3-4720-804b-91edefe7cf05,Fritz's Auto Spa,fritzscarwash.com,Vehicle maintenance,Not enough information,Vehicle maintenance,Vehicle maintenance,Vehicle maintenance,Vehicle maintenance,Fritz's Auto Spa LLC,fritzautospa.com,Fritz's Auto Spa,fritzautospa.com,Fritz's Auto Spa,fritzscarwash.com
Goody Goody Liqu#10d,2023-01-15,outgoing,52.5,USD,US,consumer,825573b7-dbe3-4720-804b-91edefe7cf05,Goody Goody,https://www.goodygoody.com/,Liquor,Liquor,Liquor,Liquor,Liquor,Liquor,Goody Goody Liquor,goodygoody.com,Goody Goody Liquor,goodygoody.com,Goody Goody Liquor,goodygoody.com
WEAVER STREET MARKET H,2023-01-16,outgoing,25.19,USD,US,consumer,825573b7-dbe3-4720-804b-91edefe7cf05,Weaver Street Market,weaverstreetmarket.coop,Groceries,Groceries,Groceries,Groceries,Groceries,Groceries,Weaver Street Market,weaverstreetmarket.coop,Weaver Street Market,weaverstreetmarket.coop,Weaver Street Market,weaverstreetmarket.coop
"FROM CGB ENTERPRISE, DIRECT DEP",2023-01-17,incoming,936.47,USD,US,consumer,825573b7-dbe3-4720-804b-91edefe7cf05,Consolidated Grain & Barge,cgb.com,Paycheck,Paycheck,Paycheck,Paycheck,Refund,Paycheck,CGB Enterprise,N/A,CGB Enterprise,N/A,Consolidated Grain & Barge,cgb.com
YSI*Allora Bella Terra TX 01/18,2023-01-18,outgoing,1527.7,USD,US,consumer,825573b7-dbe3-4720-804b-91edefe7cf05,Yardi,yardi.com,Rent and property management fee,Not enough information,Hotels and lodging,Food and Drink,Rent and property management fee,Rent and property management fee,Allora Bella,allorabellaterra.com,Allora Bella Terra,ysiallorabellaterra.com,Yardi,yardi.com
COSTA DEL SOL LATINO M HENRICO VA 01/19,2023-01-19,outgoing,26.9,USD,US,consumer,825573b7-dbe3-4720-804b-91edefe7cf05,Costa DEL Sol,facebook.com/costa.delsol.14203/,Groceries,Not enough information,Cafes and coffee shops,Food and Drink,Food and Drink,Groceries,Costa Del Sol Latino,N/A,Costa Del Sol Latino Market,costadelsollatinomarket.com,Costa DEL Sol,facebook.com/costa.delsol.14203/
DSW PRESTONWOOD 5201 BELT,2023-01-20,outgoing,27.27,USD,US,consumer,825573b7-dbe3-4720-804b-91edefe7cf05,DSW | Dsw Designer Shoe Warehouse,dsw.com,Clothing,Clothing,Clothing,Clothing,Clothing,Clothing,DSW,dsw.com,DSW,dsw.com,Dsw Designer Shoe Warehouse,dsw.com
DISHOOM BIRMINGHAM,2023-01-21,outgoing,59.54,USD,US,consumer,825573b7-dbe3-4720-804b-91edefe7cf05,Dishoom,dishoom.com,Food and Drink,Food and Drink,Cafes and coffee shops,Food and Drink,Food and Drink,Food and Drink,Dishoom,dishoom.com,Dishoom,dishoom.com,Dishoom,dishoom.com
CHECKCARD 01/22 AFFIRM PAY 22LS5C0E,2023-01-22,outgoing,39.8,USD,US,consumer,825573b7-dbe3-4720-804b-91edefe7cf05,Affirm,affirm.com,"Buy now, pay later","Buy now, pay later","Buy now, pay later","Buy now, pay later","Buy now, pay later","Buy now, pay later",Affirm Pay,affirm.com,Affirm,affirm.com,Affirm,affirm.com
PURCHASE                                AUTHORIZED ON   01/23 ALAMO SOUTH LAMAR         981-821-6020  TX  S018292738292   CARD 1082,2023-01-23,outgoing,33.29,USD,US,consumer,825573b7-dbe3-4720-804b-91edefe7cf05,Alamo Drafthouse Cinema South Lamar,https://drafthouse.com/austin/theater/south-lamar,Entertainment and recreation,Not enough information,Not enough information,Entertainment and recreation,Entertainment and recreation,Other transport,Alamo Drafthouse,drafthouse.com,Alamo Drafthouse Cinema,drafthouse.com,Alamo Rent A Car,alamo.com
WEIGELS 82 Q81,2023-01-24,outgoing,1.05,USD,US,consumer,825573b7-dbe3-4720-804b-91edefe7cf05,Weigel's,weigels.com,Convenience stores,Not enough information,Convenience stores,Food and Drink,Food and Drink,Convenience stores,Weigels,weigels.com,Weigels,weigels.com,Weigel's,weigels.com
WEBFLOW,2023-01-25,outgoing,18.9,USD,US,consumer,825573b7-dbe3-4720-804b-91edefe7cf05,Webflow,webflow.com,SaaS tools,SaaS tools,SaaS tools,SaaS tools,SaaS tools,SaaS tools,Webflow,webflow.com,Webflow,webflow.com,Webflow,webflow.com
CHECK # 1716,2023-01-26,outgoing,163.14,USD,US,consumer,825573b7-dbe3-4720-804b-91edefe7cf05,None,None,Not enough information,Not enough information,Not enough information,Not enough information,Not enough information,Not enough information,N/A,N/A (No merchant or website information available in the transaction description),N/A,N/A,None,None
THUMBTACK 781791231,2023-01-27,outgoing,40.91,USD,US,consumer,825573b7-dbe3-4720-804b-91edefe7cf05,Thumbtack,thumbtack.com,Home improvements and maintenance services,Other consumer services,Other consumer services,SaaS tools,SaaS tools,Other consumer services,Thumbtack,thumbtack.com,Thumbtack,thumbtack.com,Thumbtack,thumbtack.com
RACK ROOM SHOES #4010,2023-01-28,outgoing,90.71,USD,US,consumer,825573b7-dbe3-4720-804b-91edefe7cf05,Rack Room Shoes,rackroomshoes.com,Clothing,Clothing,Clothing,Clothing,Clothing,Clothing,Rack Room Shoes,rackroomshoes.com,Rack Room Shoes,rackroomshoes.com,Rack Room Shoes,rackroomshoes.com
CITY OF TORRANCE DES:XXXXX67214 ID:2B0BO4A INDN:CONNOR SMITH CO ID:XXXXX32468 PPD,2023-01-29,outgoing,91.99,USD,US,consumer,825573b7-dbe3-4720-804b-91edefe7cf05,Torrance | City of Torrance,torranceca.gov,Government,Not enough information,Government,Government,Government,Government,City of Torrance,torranceca.gov,City of Torrance,torranceca.gov,Torrance,torranceca.gov
0324 FOREIGN ATM FEE DAIGLS PHIL-K182913,2023-01-30,outgoing,2.1,USD,US,consumer,825573b7-dbe3-4720-804b-91edefe7cf05,None,None,Bank fee,Bank fee,Bank fee,Bank fee,Bank fee,Bank fee,Foreign ATM,N/A,Daigls,N/A,Phil Daigle,facebook.com/phil.daigle.5/
CRUMBL,2023-01-31,outgoing,23.24,USD,US,consumer,825573b7-dbe3-4720-804b-91edefe7cf05,Crumbl Cookies,crumblcookies.com,Food and Drink,Food and Drink,Cafes and coffee shops,Food and Drink,Food and Drink,Food and Drink,Crumbl,crumblcookies.com,Crumbl Cookies,crumblcookies.com,Crumbl Cookies,crumblcookies.com
FUNZPOINTS-4X3DA5YBC,2023-02-01,outgoing,5.24,USD,US,consumer,825573b7-dbe3-4720-804b-91edefe7cf05,Funzpoints,funzpoints.com,Gambling,Gambling,Gambling,Entertainment and recreation,Entertainment and recreation,Gambling,Funzpoints,funzpoints.com,Funzpoints,funzpoints.com,Funzpoints,funzpoints.com
HESTON CIMENT PLLC KATY TX 02/02,2023-02-02,outgoing,136.5,USD,US,consumer,825573b7-dbe3-4720-804b-91edefe7cf05,Heston Ciment,hestonciment.com | https://www.linkedin.com/company/heston-ciment-pllc | cimentlawfirm.com/  ,Legal services,Legal services,Legal services,Legal services,Legal services,Legal services,Heston Ciment PLLC,N/A,Heston Ciment PLLC,hestonciment.com,Heston Ciment,hestonciment.com
BEANS & BREWS COFFEE HOU,2023-02-03,outgoing,7.3,USD,US,consumer,825573b7-dbe3-4720-804b-91edefe7cf05,Beans & Brews,beansandbrews.com,Cafes and coffee shops,Cafes and coffee shops,Cafes and coffee shops,Cafes and coffee shops,Cafes and coffee shops,Cafes and coffee shops,Beans & Brews Coffee Hou,beansandbrews.com,Beans & Brews,beansandbrews.com,Beans & Brews,beansandbrews.com
CITI AUTOPAY     PAYMENT    230204 0189223791200 ROBERT DUPONT,2023-02-04,outgoing,60.9,USD,US,consumer,825573b7-dbe3-4720-804b-91edefe7cf05,Citi,citi.com,Credit card bill,Auto loan repayment,Auto loan repayment,Credit card bill,Credit card bill,Credit card bill,Citi Autopay,citibank.com,Citi,citi.com,Citi,citi.com
SHEIN,2023-02-05,outgoing,56.33,USD,US,consumer,825573b7-dbe3-4720-804b-91edefe7cf05,Shein,shein.com,Clothing,Not enough information,Clothing,eCommerce purchase,Clothing,Clothing,Shein,shein.com,Shein,shein.com,Shein,shein.com
TEMPORARY CREDIT FROM X1662,2023-02-06,incoming,4.91,USD,US,consumer,825573b7-dbe3-4720-804b-91edefe7cf05,None,None,Reversal / adjustment,Not enough information,Reversal / adjustment,Loans,Loans,Reversal / adjustment,N/A,N/A,Not Applicable,Not Applicable,None,None
Hctra Eztag Storefront,2023-02-07,outgoing,50.39,USD,US,consumer,825573b7-dbe3-4720-804b-91edefe7cf05,Harris County Toll Road Authority,hctra.org,Toll charge,Toll charge,Toll charge,Toll charge,Toll charge,Toll charge,Hctra Eztag,hctra.com,HCTRA EZ TAG,hctra.org,Harris County Toll Road Authority,hctra.org
IN *DRAINAGE EXPERTS,2023-02-08,outgoing,196.82,USD,US,consumer,825573b7-dbe3-4720-804b-91edefe7cf05,Drainage Experts LLC | Drainage Experts,www.drainageexpertsllc.com/,Other consumer services,Home improvements and maintenance services,Home improvements and maintenance services,Home improvements and maintenance services,Home improvements and maintenance services,Home improvements and maintenance services,Drainage Experts,N/A,Drainage Experts,drainageexperts.com,Drainageexpertsllc,drainageexpertsllc.com
THE BETTER WASH GLADSTONE / MOUS : POS Transaction,2023-02-09,outgoing,23.1,USD,US,consumer,825573b7-dbe3-4720-804b-91edefe7cf05,The Better Wash,thebetterwash.com,Vehicle maintenance,Laundry,Home improvements and maintenance services,Vehicle maintenance,Vehicle maintenance,Vehicle maintenance,The Better Wash,N/A,The Better Wash,thebetterwash.com,The Better Wash,thebetterwash.com
USAA LOAN PAYMENT,2023-02-10,outgoing,511.56,USD,US,consumer,825573b7-dbe3-4720-804b-91edefe7cf05,USAA,usaa.com,Loan repayment,Auto loan repayment,Auto loan repayment,Loan repayment,Loan repayment,Loan repayment,USAA,usaa.com,USAA,usaa.com,USAA,usaa.com
DUKEENERGY-FL DUKEENERGY FEB 02 2901845272002 SCOTT SMITH,2023-02-11,outgoing,229.37,USD,US,consumer,825573b7-dbe3-4720-804b-91edefe7cf05,Duke Energy,duke-energy.com,Utilities,Utilities,Utilities,Utilities,Utilities,Utilities,Duke Energy,duke-energy.com,Duke Energy,duke-energy.com,Duke Energy,duke-energy.com
CHECKCARD 0322 HANDELS HOMEMADE MCKINNEY TX XXXXX4332XXXXXXXXXX0322,2023-02-12,outgoing,26.05,USD,US,consumer,825573b7-dbe3-4720-804b-91edefe7cf05,Handel's Homemade Ice Cream,handelsicecream.com,Food and Drink,Food and Drink,Cafes and coffee shops,Food and Drink,Food and Drink,Food and Drink,Handels Homemade,handelshomemade.com,Handels Homemade,handelsicecream.com,Handel's Homemade Ice Cream,handelsicecream.com
Transunion,2023-02-13,outgoing,20.95,USD,US,consumer,825573b7-dbe3-4720-804b-91edefe7cf05,TransUnion,transunion.com,Credit report,Credit report,Credit report,Other non-essential,Other non-essential,Other non-essential,Transunion,transunion.com,TransUnion,transunion.com,TransUnion,transunion.com
CULVERS OF LAKE NONA ORLANDO FL 02/14,2023-02-14,outgoing,4.91,USD,US,consumer,825573b7-dbe3-4720-804b-91edefe7cf05,Culver's,culvers.com,Food and Drink,Food and Drink,Food and Drink,Food and Drink,Food and Drink,Food and Drink,Culvers,culvers.com,Culvers,culvers.com,Culver's,culvers.com
Razorz Barbershop,2023-02-15,outgoing,31.4,USD,US,consumer,825573b7-dbe3-4720-804b-91edefe7cf05,Razorz Barbershop,razorzbarbershop.com,Self care,Self care,Self care,Self care,Self care,Self care,Razorz Barbershop,N/A,Razorz Barbershop,N/A,Razorz Barbershop,razorzbarbershop.com
ORIG CO NAME:AIRBNB PAYMENTS ORIG ID:382391731 DESC DATE: CO ENTRY DESCR:XQWZ09812QSEC:PPD TRACE#:33322410128 EED:5522121 IND ID: IND NAME:MR SMITH ROBERT: 987129868123TC,2023-02-16,incoming,854.63,USD,US,consumer,825573b7-dbe3-4720-804b-91edefe7cf05,Airbnb,airbnb.com,Property rental,Property rental,Property rental,Freelance,Refund,Freelance,Airbnb Payments,airbnb.com,Airbnb,airbnb.com,Airbnb,airbnb.com
PURCHASE                                AUTHORIZED ON   02/17 EDGEWOOD CREAMERY         BIRMINGHAM    AL  S70173982721   CARD 5201,2023-02-17,outgoing,9.77,USD,US,consumer,825573b7-dbe3-4720-804b-91edefe7cf05,Edgewood Creamery,edgewoodcreamery.com | edgewoodicecream.com,Food and Drink,Food and Drink,Cafes and coffee shops,Food and Drink,Food and Drink,Food and Drink,Edgewood Creamery,No website available,Edgewood Creamery,edgewoodcreamery.com,Edgewood Creamery,edgewoodcreamery.com
CASA DE TINTAS IZUMI,2023-02-18,outgoing,245.7,BRL,US,consumer,825573b7-dbe3-4720-804b-91edefe7cf05,TINTAS IZUMI | Izumi Paints House | Casa de Tintas Izumi,tintasizumi.com.br,Home improvements and maintenance services,Home improvements and maintenance services,Home improvements and maintenance services,Food and Drink,Self care,Home improvements and maintenance services,Casa de Tintas Izumi,No website available,Casa de Tintas Izumi,casadetintasizumi.com.br,Tintas Izumi,tintasizumi.com.br
CHECKCARD 0118 SQUID ROE CABO SAN LUCA XXXXX3150XXXXXXXXXX7021 INTERNATIONAL TRANSACTION FEE        ,2023-02-19,outgoing,1.38,USD,US,consumer,825573b7-dbe3-4720-804b-91edefe7cf05,El Squid Roe,elsquidroe.com,Bank fee,Not enough information,Bank fee,Bank fee,Bank fee,Bank fee,Squid Roe,No website available,Squid Roe,squidroe.com,El Squid Roe,elsquidroe.com
POS MICROSOFT XBOX,2023-02-20,outgoing,5.61,USD,US,consumer,825573b7-dbe3-4720-804b-91edefe7cf05,Xbox | Microsoft Xbox,xbox.com,Entertainment and recreation,Not enough information,Electronics,Entertainment and recreation,Entertainment and recreation,Entertainment and recreation,Microsoft,microsoft.com,Microsoft Xbox,xbox.com,Xbox,xbox.com
"Goldman Sachs Ba P2P        Gould,Louis",2023-02-21,incoming,7035.0,USD,US,consumer,825573b7-dbe3-4720-804b-91edefe7cf05,Goldman Sachs,goldmansachs.com,Inter account transfer,Peer to peer transfer,Peer to peer transfer,Loans,Peer to peer transfer,ATM/bank deposit,Goldman Sachs,goldmansachs.com,Goldman Sachs,goldmansachs.com,Goldman Sachs,goldmansachs.com
SSP*PremierBalletConserv 420-1987131  AZ,2023-02-22,outgoing,25.2,USD,US,consumer,825573b7-dbe3-4720-804b-91edefe7cf05,Premier Ballet Conservatory,premierballetconservatory.com,Education,Education,Education,Entertainment and recreation,Entertainment and recreation,Education,Premier Ballet Conservatory,premierballet.com,Premier Ballet Conservatory,premierballet.com,Premier Ballet Conservatory,premierballetconservatory.com
ACH WEB CKFXXXXX8132 CHASE CARD SERV ONLINE PMT,2023-02-23,outgoing,945.0,USD,US,consumer,825573b7-dbe3-4720-804b-91edefe7cf05,Chase,chase.com,Credit card bill,Credit card bill,Credit card bill,Credit card bill,Credit card bill,Credit card bill,Chase Card Services,chase.com,Chase Card Services,chase.com,Chase,chase.com
USAA CREDIT CARD PAYMENT 9926283729231 WEB ID: 12987121,2023-02-24,outgoing,186.32,USD,US,consumer,825573b7-dbe3-4720-804b-91edefe7cf05,USAA,usaa.com,Credit card bill,Credit card bill,Credit card bill,Credit card bill,Credit card bill,Credit card bill,USAA,usaa.com,USAA,usaa.com,USAA,usaa.com
PF CHANGS #9938 0025WEST CHESTER OH        ,2023-02-25,outgoing,21.0,USD,US,consumer,825573b7-dbe3-4720-804b-91edefe7cf05,P. F. Chang's,pfchangs.com,Food and Drink,Food and Drink,Food and Drink,Food and Drink,Food and Drink,Food and Drink,PF Changs,pfchangs.com,PF Chang's,pfchangs.com,PF CHANGS,pfchangs.com
PETERBROOKE CHO 3233,2023-02-26,outgoing,8.99,USD,US,consumer,825573b7-dbe3-4720-804b-91edefe7cf05,Peterbrooke Chocolatier,peterbrooke.com,Food and Drink,Food and Drink,Food and Drink,Food and Drink,Food and Drink,Food and Drink,Peterbrooke Chocolatier,peterbrooke.com,Peterbrooke Chocolatier,peterbrooke.com,Peterbrooke Chocolatier,peterbrooke.com
KLARNA INC               KLARNA.COM   OH,2023-02-27,outgoing,26.96,USD,US,consumer,825573b7-dbe3-4720-804b-91edefe7cf05,Klarna,klarna.com,"Buy now, pay later",Not enough information,"Buy now, pay later",Other non-essential,Other non-essential,"Buy now, pay later",Klarna Inc,klarna.com,Klarna,klarna.com,Klarna,klarna.com
ORACLE AMERICA   SALARY     23011821 1298131         PETER GREGOR,2023-02-28,incoming,2000.43,USD,US,consumer,825573b7-dbe3-4720-804b-91edefe7cf05,Oracle,oracle.com,Paycheck,Paycheck,Paycheck,Paycheck,Paycheck,Paycheck,Oracle America,oracle.com,Oracle,oracle.com,Oracle,oracle.com
PNC MAKE A PMT LOAN PYMT 230301 123123,2023-03-01,outgoing,14550.28,USD,US,consumer,825573b7-dbe3-4720-804b-91edefe7cf05,PNC | PNC Bank,pnc.com,Loan repayment,Auto loan repayment,Auto loan repayment,Loan repayment,Loan repayment,Loan repayment,PNC,pnc.com,PNC Bank,pnc.com,PNC,pnc.com
FAVOR RAISING CAN 03/02 REFUND 0892373,2023-03-02,incoming,33.06,USD,US,consumer,825573b7-dbe3-4720-804b-91edefe7cf05,Raising Cane’s Chicken Fingers,https://www.favordelivery.com/order-delivery/raising-canes-chicken-fingers-60/ ,Refund,Refund,Refund,Refund,Refund,Refund,FAVOR,favordelivery.com,Raising Cane's,raisingcanes.com,Favor Delivery,favordelivery.com
ALS AUTO CENTER PASADENA CA03/03,2023-03-03,outgoing,105.0,USD,US,consumer,825573b7-dbe3-4720-804b-91edefe7cf05,Als Tire Shop | Al's Auto Center,alstireshop.com,Vehicle maintenance,Not enough information,Vehicle maintenance,Vehicle maintenance,Vehicle maintenance,Vehicle maintenance,ALS Auto Center,alsautocenter.com,ALS Auto Center,alsautocenter.com,Al's Auto,alsautopa.com
BOSE STORE 327 ONTARIO CA 03/04,2023-03-04,outgoing,130.43,USD,US,consumer,825573b7-dbe3-4720-804b-91edefe7cf05,Bose,bose.com,Electronics,Electronics,Electronics,Electronics,Electronics,Entertainment and recreation,Bose Store,bose.com,Bose,bose.com,Bose,bose.com
FUJI SUSHI TURLOCK US,2023-03-05,outgoing,73.05,USD,US,consumer,825573b7-dbe3-4720-804b-91edefe7cf05,Fuji Sushi,fujisushimd.com | fujisushicatogo.com,Food and Drink,Food and Drink,Food and Drink,Food and Drink,Food and Drink,Food and Drink,Fuji Sushi,No website available,Fuji Sushi,fujisushiturlock.com,Fuji Sushi,fujisushimd.com
CHECK CARD CREDIT APPLE.COM/BILL,2023-03-06,incoming,12.69,USD,US,consumer,825573b7-dbe3-4720-804b-91edefe7cf05,Apple,apple.com,Refund,Ecommerce,Ecommerce,Refund,Refund,Refund,Apple,apple.com/bill,Apple,apple.com,Apple,apple.com
BKOFAMERICA ATM 03/07 #000006020 DEPOSIT VICTOR VICTOR,2023-03-07,incoming,189.0,USD,US,consumer,825573b7-dbe3-4720-804b-91edefe7cf05,None,None,ATM/bank deposit,ATM/bank deposit,ATM/bank deposit,ATM/bank deposit,ATM/bank deposit,ATM/bank deposit,Bank of America,bankofamerica.com,Bank of America,bankofamerica.com,Bank of America,bankofamerica.com
MVM3 98120398rent WEB1897137 Gislain A Cottle REF # 0913783223,2023-03-08,outgoing,422.05,USD,US,consumer,825573b7-dbe3-4720-804b-91edefe7cf05,MVM,mvmrentals.com/,Rent and property management fee,Rent and property management fee,Rent and property management fee,Rent and property management fee,Rent and property management fee,Rent and property management fee,MVM3,WEB1897137,MVM3,mvm3.com,MVM,mvminc.com
DOORDASH*JOHNNYS BUR WWW.DOORDASH. CA 03/09,2023-03-09,outgoing,36.19,USD,US,consumer,825573b7-dbe3-4720-804b-91edefe7cf05,Doordash,doordash.com,Food and Drink,Not enough information,Food and Drink,Food and Drink,Food and Drink,Food and Drink,Doordash,doordash.com,Doordash,doordash.com,Doordash,doordash.com
Frontier Ai Tdmfjn,2023-03-10,outgoing,89.22,USD,US,consumer,825573b7-dbe3-4720-804b-91edefe7cf05,Frontier Airlines,flyfrontier.com,Other transport,Not enough information,SaaS tools,Other transport,Other transport,Other transport,Frontier,frontier.com,Frontier Airlines,flyfrontier.com,Frontier Airlines,flyfrontier.com
OFFICEDEPOT,2023-03-11,outgoing,15.7,USD,US,consumer,825573b7-dbe3-4720-804b-91edefe7cf05,Office Depot,officedepot.com,Department and discount stores,Not enough information,Department and discount stores,Department and discount stores,Department and discount stores,Department and discount stores,Office Depot,officedepot.com,Office Depot,officedepot.com,Office Depot,officedepot.com
Park Central 4 RENT 1298U12098111 WEB ID: 120911108,2023-03-12,outgoing,1110.61,USD,US,consumer,825573b7-dbe3-4720-804b-91edefe7cf05,None,None,Rent and property management fee,Rent and property management fee,Rent and property management fee,Rent and property management fee,Rent and property management fee,Rent and property management fee,Park Central 4 RENT,parkcentral4rent.com,Park Central,parkcentral.com,Park Central,None
Deposit from Univest - Personal Checking,2023-03-13,incoming,183.75,USD,US,consumer,825573b7-dbe3-4720-804b-91edefe7cf05,None,None,Intra account transfer,ATM/bank deposit,ATM/bank deposit,ATM/bank deposit,ATM/bank deposit,ATM/bank deposit,Univest,univest.net,Univest,univest.net,None,None
Trader Joe's #012 Qps Sanfrancisco Ca,2023-03-14,outgoing,78.65,USD,US,consumer,825573b7-dbe3-4720-804b-91edefe7cf05,Trader Joe's,traderjoes.com,Groceries,Groceries,Groceries,Groceries,Groceries,Groceries,Trader Joe's,traderjoes.com,Trader Joe's,traderjoes.com,Trader Joe's,traderjoes.com
Experian* Credit Repor CA 03/15,2023-03-15,outgoing,20.99,USD,US,consumer,825573b7-dbe3-4720-804b-91edefe7cf05,Experian,experian.com,Credit report,Credit report,Credit report,Other non-essential,Credit report,Other non-essential,Experian,experian.com,Experian,experian.com,Experian,experian.com
AMERICAN001291271212 80086712200 TX,2023-03-16,outgoing,133.42,USD,US,consumer,825573b7-dbe3-4720-804b-91edefe7cf05,American Airlines,aa.com,Other transport,Not enough information,Electronics,Not enough information,Other non-essential,Other transport,American Airlines,aa.com,American Airlines,aa.com,American Airlines,aa.com
BURLINGTON VETERINARBURLINGTON CT,2023-03-17,outgoing,142.66,USD,US,consumer,825573b7-dbe3-4720-804b-91edefe7cf05,Burlington Veterinary Center,burlingtonvetctr.com,Pets,Pets,Pets,Pets,Pets,Pets,Burlington Veterinarian,N/A,Burlington Veterinary,burlingtonvet.com,Burlington Veterinary Center,burlingtonvetctr.com
WIRE TYPE:WIRE IN DATE: 230317 TIME:1212 ET TRN:XXXXXXXXXX7991721 SEQ:XXXXX129812/0077821 ORIG:OKCOIN USA INC. ID:XXXXX221342 SND BK:SIGNATUR E BANK ID:XXXXX22671 PMT DET:XXXXXXXXXX78137182,2023-03-18,outgoing,47.25,USD,US,consumer,825573b7-dbe3-4720-804b-91edefe7cf05,Okcoin,okcoin.com,Trading (crypto),Trading (crypto),Trading (crypto),Trading (crypto),Trading (crypto),Trading (crypto),Okcoin USA Inc.,okcoin.com,OKCoin USA Inc.,okcoin.com,Okcoin,okcoin.com
SALARY SHERIDAN HEALTHC 190323,2023-03-19,incoming,1950.02,USD,US,consumer,825573b7-dbe3-4720-804b-91edefe7cf05,Sheridan Healthcare,linkedin.com/company/sheridan-healthcorp/ ,Paycheck,Paycheck,Paycheck,Paycheck,Paycheck,Paycheck,Sheridan Healthcare,sheridanhealthcare.com,Sheridan Healthcare,sheridanhealthcare.com,Sheridan Memorial Hospital,sheridanhospital.org
TARGET DEBIT CRD REVERSAL CO ID:XXXXX8182677 POS TARGET -2012,2023-03-20,incoming,47.54,USD,US,consumer,825573b7-dbe3-4720-804b-91edefe7cf05,Target,target.com,Reversal / adjustment,Reversal / adjustment,Reversal / adjustment,Reversal / adjustment,Reversal / adjustment,Reversal / adjustment,Target,target.com,Target,target.com,Target,target.com
DUNHAMS 021,2023-03-21,outgoing,44.82,USD,US,consumer,825573b7-dbe3-4720-804b-91edefe7cf05,Dunham's Sports,dunhamssports.com,Recreational goods,Sport and fitness,Department and discount stores,Department and discount stores,Clothing,Recreational goods,Dunhams,dunhams.com,Dunham's Sports,dunhamssports.com,Dunham's Sports,dunhamssports.com
CREDIT CARD LAKE MEDICAL IMAGING AND THE VILLAGES FL Date XX 8087,2023-03-22,outgoing,121.03,USD,US,consumer,825573b7-dbe3-4720-804b-91edefe7cf05,Lake Medical Imaging,lakemedicalimaging.com,Medical bill,Medical bill,Medical bill,Medical bill,Medical bill,Medical bill,Lake Medical Imaging,lakemedicalimaging.com,Lake Medical Imaging,lakemedicalimaging.com,Lake Medical Imaging,lakemedicalimaging.com
FAIRFIELD INN SUITES BY MARRIO,2023-03-23,outgoing,168.0,USD,US,consumer,825573b7-dbe3-4720-804b-91edefe7cf05,Fairfield Inn & Suites,marriott.com/en-us/hotels/oaknp-fairfield-inn-and-suites-fairfield-napa-valley-area/overview/,Hotels and lodging,Hotels and lodging,Hotels and lodging,Hotels and lodging,Hotels and lodging,Hotels and lodging,Fairfield Inn & Suites,marriott.com,Fairfield Inn & Suites,marriott.com,Fairfield Inn & Suites,fairfield.marriott.com/locations/
WAL-MART  Wal-  03/24 #000981637 PURCHASE                   WAL-MART  Wal-Mar  SAN DIEGO (C) CA,2023-03-24,outgoing,33.86,USD,US,consumer,825573b7-dbe3-4720-804b-91edefe7cf05,Walmart,walmart.com,Department and discount stores,Groceries,Department and discount stores,Department and discount stores,Department and discount stores,Department and discount stores,Walmart,walmart.com,Walmart,walmart.com,Walmart,walmart.com
USA*SNACK SODA VENDING SAN DIEGO CA 03/25 DEBIT_CARD,2023-03-25,outgoing,1.84,USD,US,consumer,825573b7-dbe3-4720-804b-91edefe7cf05,Vending Machines | Snack Soda Vending Machines ,facebook.com/marketplace/sandiego/vending-machines/,Food and Drink,Not enough information,Convenience stores,Food and Drink,Food and Drink,Food and Drink,Snack Soda Vending,N/A,USA Snack Soda Vending,usasnacksodavending.com,Vending Machines,facebook.com/marketplace/sandiego/vending-machines/
SALVATORE CAPELLI PERRYSBURG OH 0002101628019813520671,2023-03-26,outgoing,297.56,USD,US,consumer,825573b7-dbe3-4720-804b-91edefe7cf05,Salvatore Capelli,salvatorecapelli.com | salvatore-capelli.square.site,Self care,Not enough information,Clothing,Food and Drink,Clothing,Self care,Salvatore Capelli,N/A,Salvatore Capelli,salvatorecapelli.com,Salvatore Capelli,salvatorecapelli.com
"NELNET LOAN SERV DES:PAYMENT ID:XXXXX7188 INDN:LABOONE, PHIL M. CO ID:FXXXXX8101 PPD",2023-03-27,outgoing,139.65,USD,US,consumer,825573b7-dbe3-4720-804b-91edefe7cf05,Nelnet,nelnet.com,Student loan repayment,Student loan repayment,Student loan repayment,Loan repayment,Loan repayment,Loan repayment,Nelnet Loan Serv,nelnet.com,Nelnet Loan Serv,nelnet.com,Nelnet,nelnet.com
ALOHA CAR WASH COMPA ALOHACARWASHC WA 03/28,2023-03-28,outgoing,13.92,USD,US,consumer,825573b7-dbe3-4720-804b-91edefe7cf05,Aloha Car Wash Company,alohacarwashcompany.com,Vehicle maintenance,Vehicle maintenance,Vehicle maintenance,Vehicle maintenance,Vehicle maintenance,Vehicle maintenance,Aloha Car Wash,alohacarwash.com,Aloha Car Wash,alohacarwash.com,Aloha Car Wash Company,alohacarwashcompany.com
830712 COSTCO GAS #0122 VALLEJO CAUS,2023-03-29,outgoing,58.01,USD,US,consumer,825573b7-dbe3-4720-804b-91edefe7cf05,Costco,costco.com,Fuel,Fuel,Fuel,Fuel,Fuel,Fuel,Costco Gas,costco.com,Costco Gas,costco.com,Costco,costco.com
CAPITAL ONE DES:CRCARDPMT ID:3MZBQVGWN5BB7UI INDN:EDOUARD T DUFOUR CO ID:XXXXX18818 WEB,2023-03-30,outgoing,10.49,USD,US,consumer,825573b7-dbe3-4720-804b-91edefe7cf05,Capital One,capitalone.com,Credit card bill,Credit card bill,Credit card bill,Credit card bill,Credit card bill,Credit card bill,Capital One,capitalone.com,Capital One,capitalone.com,Capital One,capitalone.com
DBT CRD 1442 03/31/23 897192683 HOME CHEF HOME CHEF 872-225-2433 IL C#3620,2023-03-31,outgoing,31.29,USD,US,consumer,825573b7-dbe3-4720-804b-91edefe7cf05,Home Chef,homechef.com,Food and Drink,Food and Drink,Food and Drink,Food and Drink,Food and Drink,Food and Drink,Home Chef,homechef.com,Home Chef,homechef.com,Home Chef,homechef.com
GANAHL LUMBER - ANAHEIM -ANAHEIM CA #120989081238,2023-04-01,outgoing,2.22,USD,US,consumer,825573b7-dbe3-4720-804b-91edefe7cf05,Ganahl Lumber,ganahllumber.com,Home improvements and maintenance services,Home improvements and maintenance services,Home improvements and maintenance services,Home improvements and maintenance services,Home improvements and maintenance services,Home improvements and maintenance services,Ganahl Lumber,ganahllumber.com,Ganahl Lumber,ganahllumber.com,Ganahl Lumber,ganahllumber.com
PURCHASE 04/02 MICROSOFT*SUBSCRIPTION,2023-04-02,outgoing,17.04,USD,US,consumer,825573b7-dbe3-4720-804b-91edefe7cf05,Microsoft,microsoft.com,SaaS tools,SaaS tools,App stores,SaaS tools,SaaS tools,SaaS tools,Microsoft,microsoft.com,Microsoft,microsoft.com,Microsoft,microsoft.com
ELECTRONIC DEPOSIT - MARQUISMANAGEMENDIRECT PAY,2023-04-03,incoming,1668.95,USD,US,consumer,825573b7-dbe3-4720-804b-91edefe7cf05,Marquis Management,marquismgt.com,Paycheck,Inter account transfer,Paycheck,ATM/bank deposit,Paycheck,Paycheck,Marquis Management,marquismanagement.com,Marquis Management,marquismanagement.com,Marquis Management,marquismgt.com
1ST BANKCARD CTR ONLINE PMT 331198 2F0C5DO189172  BRANDON J MIKE,2023-04-04,outgoing,74.12,USD,US,consumer,825573b7-dbe3-4720-804b-91edefe7cf05,First Bankcard,firstbankcard.com | card.fnbo.com,Credit card bill,Credit card bill,Credit card bill,Credit card bill,Credit card bill,Credit card bill,1st Bankcard,1stbankcard.com,First Bankcard,firstbankcard.com,First Bankcard,firstbankcard.com
WATERONE\RECUR DES:UTILITY ID:6837283 INDN:BETHANY WENDLAND CO ID:XXXXX78173 WEB,2023-04-05,outgoing,138.89,USD,US,consumer,825573b7-dbe3-4720-804b-91edefe7cf05,WaterOne,waterone.org,Utilities,Utilities,Utilities,Utilities,Utilities,Utilities,WaterOne,waterone.org,WaterOne,waterone.org,WaterOne,waterone.org
BRICKELL TRAVEL PAYROLL PPD ID: 12871273132,2023-04-06,incoming,278.54,USD,US,consumer,825573b7-dbe3-4720-804b-91edefe7cf05,Brickell Travel Management,brickelltravel.com,Paycheck,Paycheck,Paycheck,Paycheck,Paycheck,Paycheck,Brickell Travel,brickelltravel.com,Brickell Travel,brickelltravel.com,Brickell Travel Management,brickelltravel.com
Payment to Cigna,2023-04-07,outgoing,33.5,USD,US,consumer,825573b7-dbe3-4720-804b-91edefe7cf05,Cigna,cigna.com,Insurance,Medical bill,Insurance,Insurance,Insurance,Insurance,Cigna,cigna.com,Cigna,cigna.com,Cigna,cigna.com
Card purchase 4LR*4LIFERESEARCHLC 123-522-2300 UT 04-08-2023 DEBIT,2023-04-08,outgoing,153.58,USD,US,consumer,825573b7-dbe3-4720-804b-91edefe7cf05,4Life,4life.com,Self care,"Books, newsletters, newspapers",Electronics,Drugstores and pharmacies,Other non-essential,Self care,4Life Research,4life.com,4Life Research,4life.com,4Life,4life.com
PUMP N SHOP 22 04/09 PURCHASE,2023-04-09,outgoing,13.64,USD,US,consumer,825573b7-dbe3-4720-804b-91edefe7cf05,Clark's Pump-N-Shop | Clark's Pump N Shop,myclarkspns.com,Convenience stores,Not enough information,Fuel,Fuel,Convenience stores,Convenience stores,Pump N Shop,No website available,Pump N Shop,pumpnshop.com,Clark's Pump-N-Shop,myclarkspns.com
Acorns Investing Transfer 123980 JIKCR7 Cristiano Pombal,2023-04-10,outgoing,569.86,USD,US,consumer,825573b7-dbe3-4720-804b-91edefe7cf05,Acorns,acorns.com,Investment,Investment,Investment,Investment,Investment,Investment,Acorns Investing,acorns.com,Acorns,acorns.com,Acorns,acorns.com
